"seq","time.1","time.2","time.3","time.4","time.5","time.6"
"plus.r",0.675416618402004,4.43909621206538,4.0565497405073,4.67253754404579,4.21646946364235,2.89717763169754
"plus.nr.plus",0.675416618402004,4.43909621206538,4.0565497405073,4.67253754404579,4.21646946364235,2.89717763169754
"plus.nr.minus",0.675416618402004,4.43909621206538,4.0565497405073,4.67253754404579,4.21646946364235,2.89717763169754
"minus.r",0.675416618402004,4.94836377784843,4.51244008171476,5.13613884730796,4.63121697156159,3.22250910041765
"minus.nr.plus",0.675416618402004,4.94836377784843,4.51244008171476,5.13613884730796,4.63121697156159,3.22250910041765
"minus.nr.minus",0.675416618402004,4.94836377784843,4.51244008171476,5.13613884730796,4.63121697156159,3.22250910041765
