"","rho","N.required.eos.means","N.required.AUC"
"1",0.3,724.658365259528,509.114675181746
"2",0.6,719.681485368253,658.574263557112
"3",0.8,691.235145456338,711.235665261923
