"seq","time.1","time.2","time.3","time.4","time.5","time.6"
"plus.r",0.675416618402004,4.43909621206538,29.368817346645,24.7914035639421,19.2524589779149,13.2368415776132
"plus.nr.plus",0.675416618402004,4.43909621206538,29.368817346645,24.7914035639421,19.2524589779149,13.2368415776132
"plus.nr.minus",0.675416618402004,4.43909621206538,29.368817346645,24.7914035639421,19.2524589779149,13.2368415776132
"minus.r",0.675416618402004,4.94836377784843,29.368817346645,24.7914035639421,19.2524589779149,13.2368415776132
"minus.nr.plus",0.675416618402004,4.94836377784843,29.368817346645,24.7914035639421,19.2524589779149,13.2368415776132
"minus.nr.minus",0.675416618402004,4.94836377784843,29.368817346645,24.7914035639421,19.2524589779149,13.2368415776132
