"datagen.params.N","datagen.params.rho","delta","pair"
1002,0.95,0.0429168140908799,1
1002,0.95,0.258032570163766,2
1002,0.95,0.248883913251452,3
1002,0.95,0.272192007931338,4
1002,0.95,0.264647948109095,5
1002,0.95,0.026221709848956,6
