"datagen.params.N","datagen.params.rho","delta","pair"
1002,0.95,0.0765471635046257,1
1002,0.95,0.259453268388139,2
1002,0.95,0.309849570742279,3
1002,0.95,0.24545063235243,4
1002,0.95,0.288135714192793,5
1002,0.95,0.0438511802833296,6
