"datagen.params.N","datagen.params.rho","delta","pair"
538,0.9,0.0436564481385287,1
538,0.9,0.266436269072397,2
538,0.9,0.25682555769571,3
538,0.9,0.280871447887765,4
538,0.9,0.272933554719705,5
538,0.9,0.0275083539761677,6
