"datagen.params.N","datagen.params.rho","delta","pair","power"
250,0.9,0.266436269072397,2,0.463463463463463
375,0.9,0.266436269072397,2,0.67967967967968
438,0.9,0.266436269072397,2,0.754
469,0.9,0.266436269072397,2,0.794
477,0.9,0.266436269072397,2,0.8
485,0.9,0.266436269072397,2,0.826
500,0.9,0.266436269072397,2,0.827
1000,0.9,0.266436269072397,2,0.993
