"","seq","time.1","time.2","time.3","time.4","time.5","time.6"
"1","plus.r",0.675416618402004,4.43909621206538,9.23066037606314,9.48422280906039,8.2126737167192,5.84349662329685
"2","plus.nr.plus",0.675416618402004,4.43909621206538,9.23066037606314,9.48422280906039,8.2126737167192,5.84349662329685
"3","plus.nr.minus",0.675416618402004,4.43909621206538,9.23066037606314,9.48422280906039,8.2126737167192,5.84349662329685
"4","minus.r",0.675416618402004,4.94836377784843,9.23066037606314,9.48422280906039,8.2126737167192,5.84349662329685
"5","minus.nr.plus",0.675416618402004,4.94836377784843,9.23066037606314,9.48422280906039,8.2126737167192,5.84349662329685
"6","minus.nr.minus",0.675416618402004,4.94836377784843,9.23066037606314,9.48422280906039,8.2126737167192,5.84349662329685
