"seq","time.1","time.2","time.3","time.4","time.5","time.6"
"plus.r",0.675416618402004,4.43909621206538,9.23066037606314,9.48422280906039,8.2126737167192,5.84349662329685
"plus.nr.plus",0.675416618402004,4.43909621206538,9.23066037606314,9.48422280906039,8.2126737167192,5.84349662329685
"plus.nr.minus",0.675416618402004,4.43909621206538,9.23066037606314,9.48422280906039,8.2126737167192,5.84349662329685
"minus.r",0.675416618402004,4.94836377784843,9.23066037606314,9.48422280906039,8.2126737167192,5.84349662329685
"minus.nr.plus",0.675416618402004,4.94836377784843,9.23066037606314,9.48422280906039,8.2126737167192,5.84349662329685
"minus.nr.minus",0.675416618402004,4.94836377784843,9.23066037606314,9.48422280906039,8.2126737167192,5.84349662329685
