"","seq","time.1","time.2","time.3","time.4","time.5","time.6"
"1","plus.r",5.14799371768834,6.91400985539298,5.25781413057759,5.36299259184696,5.41395751228212,5.46389623123924
"2","plus.nr.plus",5.14799371768834,6.91400985539298,5.25781413057759,5.36299259184696,5.41395751228212,5.46389623123924
"3","plus.nr.minus",5.14799371768834,6.91400985539298,5.25781413057759,5.36299259184696,5.41395751228212,5.46389623123924
"4","minus.r",5.14799371768834,6.91400985539298,5.25781413057759,5.36299259184696,5.41395751228212,5.46389623123924
"5","minus.nr.plus",5.14799371768834,6.91400985539298,5.25781413057759,5.36299259184696,5.41395751228212,5.46389623123924
"6","minus.nr.minus",5.14799371768834,6.91400985539298,5.25781413057759,5.36299259184696,5.41395751228212,5.46389623123924
