"","seq","time.1","time.2","time.3","time.4","time.5","time.6"
"1","plus.r",0.512279143076818,1.17727970729001,0.554979365781564,0.595691969838053,0.615348522939307,0.634568993376225
"2","plus.nr.plus",0.512279143076818,1.17727970729001,0.554979365781564,0.595691969838053,0.615348522939307,0.634568993376225
"3","plus.nr.minus",0.512279143076818,1.17727970729001,0.554979365781564,0.595691969838053,0.615348522939307,0.634568993376225
"4","minus.r",0.512279143076818,1.17727970729001,0.554979365781564,0.595691969838053,0.615348522939307,0.634568993376225
"5","minus.nr.plus",0.512279143076818,1.17727970729001,0.554979365781564,0.595691969838053,0.615348522939307,0.634568993376225
"6","minus.nr.minus",0.512279143076818,1.17727970729001,0.554979365781564,0.595691969838053,0.615348522939307,0.634568993376225
